algorithm_name,env_n,size,best_solution,H,states,time
random,0,4,"[2, 0, 3, 1]",0,68,0.000000
HC,0,4,"[1, 3, 0, 2]",0,13,0.001060
HCR,0,4,"[1, 3, 0, 2]",0,13,0.000000
SA,0,4,"[1, 3, 0, 2]",0,55,0.000000
GA,0,4,"[2, 0, 3, 1]",0,0,0.000000
random,1,4,"[2, 0, 3, 1]",0,21,0.000000
HC,1,4,"[1, 3, 2, 0]",1,25,0.000000
HCR,1,4,"[2, 0, 3, 1]",0,62,0.000000
SA,1,4,"[2, 0, 3, 1]",0,28,0.000000
GA,1,4,"[2, 0, 3, 1]",0,0,0.001068
random,2,4,"[1, 3, 0, 2]",0,194,0.000000
HC,2,4,"[1, 3, 0, 2]",0,25,0.000000
HCR,2,4,"[1, 3, 0, 2]",0,25,0.000000
SA,2,4,"[1, 3, 0, 2]",0,9,0.000000
GA,2,4,"[2, 0, 3, 1]",0,2,0.002013
random,3,4,"[2, 0, 3, 1]",0,27,0.000000
HC,3,4,"[1, 0, 2, 3]",2,25,0.000000
HCR,3,4,"[2, 0, 3, 1]",0,50,0.000000
SA,3,4,"[1, 3, 0, 2]",0,46,0.000000
GA,3,4,"[2, 0, 3, 1]",0,0,0.000000
random,4,4,"[1, 3, 0, 2]",0,124,0.001093
HC,4,4,"[1, 2, 0, 3]",1,13,0.000000
HCR,4,4,"[2, 0, 3, 1]",0,211,0.000000
SA,4,4,"[1, 3, 0, 2]",0,105,0.001178
GA,4,4,"[2, 0, 3, 1]",0,2,0.002035
random,5,4,"[2, 0, 3, 1]",0,146,0.000000
HC,5,4,"[1, 2, 0, 3]",1,25,0.000000
HCR,5,4,"[1, 3, 0, 2]",0,62,0.000000
SA,5,4,"[1, 3, 0, 2]",0,130,0.000000
GA,5,4,"[2, 0, 3, 1]",0,2,0.002036
random,6,4,"[1, 3, 0, 2]",0,414,0.001019
HC,6,4,"[1, 3, 2, 0]",1,25,0.000000
HCR,6,4,"[1, 3, 0, 2]",0,76,0.000000
SA,6,4,"[1, 3, 0, 2]",0,52,0.000000
GA,6,4,"[1, 3, 0, 2]",0,2,0.002041
random,7,4,"[1, 3, 0, 2]",0,182,0.000000
HC,7,4,"[2, 1, 3, 0]",1,13,0.000000
HCR,7,4,"[1, 3, 0, 2]",0,162,0.001271
SA,7,4,"[1, 3, 0, 2]",0,58,0.000000
GA,7,4,"[2, 0, 3, 1]",0,1,0.001153
random,8,4,"[1, 3, 0, 2]",0,120,0.001247
HC,8,4,"[0, 2, 3, 1]",1,25,0.000000
HCR,8,4,"[2, 0, 3, 1]",0,124,0.001236
SA,8,4,"[2, 0, 3, 1]",0,6,0.000000
GA,8,4,"[2, 0, 3, 1]",0,1,0.002157
random,9,4,"[1, 3, 0, 2]",0,155,0.000000
HC,9,4,"[3, 0, 2, 1]",1,25,0.001011
HCR,9,4,"[2, 0, 3, 1]",0,100,0.000000
SA,9,4,"[2, 0, 3, 1]",0,4,0.000000
GA,9,4,"[1, 3, 0, 2]",0,2,0.002113
random,10,4,"[1, 3, 0, 2]",0,213,0.000000
HC,10,4,"[0, 3, 3, 0]",2,13,0.000000
HCR,10,4,"[1, 3, 0, 2]",0,26,0.000000
SA,10,4,"[2, 0, 3, 1]",0,27,0.000000
GA,10,4,"[2, 0, 3, 1]",0,1,0.001132
random,11,4,"[1, 3, 0, 2]",0,151,0.000000
HC,11,4,"[2, 0, 3, 1]",0,25,0.000000
HCR,11,4,"[2, 0, 3, 1]",0,25,0.000000
SA,11,4,"[2, 0, 3, 1]",0,44,0.001360
GA,11,4,"[2, 0, 3, 1]",0,2,0.002098
random,12,4,"[1, 3, 0, 2]",0,99,0.000000
HC,12,4,"[3, 0, 2, 1]",1,25,0.000000
HCR,12,4,"[2, 0, 3, 1]",0,113,0.001024
SA,12,4,"[1, 3, 0, 2]",0,25,0.000000
GA,12,4,"[1, 3, 0, 2]",0,0,0.000000
random,13,4,"[2, 0, 3, 1]",0,139,0.001066
HC,13,4,"[0, 2, 3, 1]",1,37,0.000000
HCR,13,4,"[1, 3, 0, 2]",0,187,0.001190
SA,13,4,"[2, 0, 3, 1]",0,8,0.000000
GA,13,4,"[1, 3, 0, 2]",0,1,0.002116
random,14,4,"[1, 3, 0, 2]",0,63,0.000000
HC,14,4,"[3, 1, 0, 2]",1,37,0.000000
HCR,14,4,"[2, 0, 3, 1]",0,50,0.001375
SA,14,4,"[2, 0, 3, 1]",0,115,0.000000
GA,14,4,"[1, 3, 0, 2]",0,0,0.000000
random,15,4,"[2, 0, 3, 1]",0,178,0.000000
HC,15,4,"[3, 0, 2, 1]",1,37,0.000000
HCR,15,4,"[2, 0, 3, 1]",0,272,0.000000
SA,15,4,"[2, 0, 3, 1]",0,22,0.001079
GA,15,4,"[2, 0, 3, 1]",0,1,0.001046
random,16,4,"[1, 3, 0, 2]",0,91,0.000000
HC,16,4,"[1, 3, 0, 2]",0,37,0.000000
HCR,16,4,"[1, 3, 0, 2]",0,37,0.000000
SA,16,4,"[1, 3, 0, 2]",0,138,0.001024
GA,16,4,"[1, 3, 0, 2]",0,0,0.000000
random,17,4,"[1, 3, 0, 2]",0,159,0.001230
HC,17,4,"[3, 0, 2, 1]",1,37,0.000000
HCR,17,4,"[1, 3, 0, 2]",0,62,0.000000
SA,17,4,"[1, 3, 0, 2]",0,125,0.001181
GA,17,4,"[1, 3, 0, 2]",0,1,0.001000
random,18,4,"[1, 3, 0, 2]",0,607,0.001000
HC,18,4,"[2, 0, 3, 1]",0,37,0.000000
HCR,18,4,"[2, 0, 3, 1]",0,37,0.000000
SA,18,4,"[1, 3, 0, 2]",0,10,0.000000
GA,18,4,"[1, 3, 0, 2]",0,4,0.004335
random,19,4,"[1, 3, 0, 2]",0,61,0.000000
HC,19,4,"[2, 0, 1, 3]",1,25,0.001173
HCR,19,4,"[1, 3, 0, 2]",0,199,0.000000
SA,19,4,"[2, 0, 3, 1]",0,144,0.001144
GA,19,4,"[1, 3, 0, 2]",0,0,0.000000
random,20,4,"[1, 3, 0, 2]",0,133,0.000000
HC,20,4,"[1, 3, 0, 2]",0,13,0.000000
HCR,20,4,"[1, 3, 0, 2]",0,13,0.000000
SA,20,4,"[2, 0, 3, 1]",0,21,0.000000
GA,20,4,"[1, 3, 0, 2]",0,1,0.002028
random,21,4,"[1, 3, 0, 2]",0,29,0.000000
HC,21,4,"[1, 3, 0, 2]",0,13,0.000000
HCR,21,4,"[1, 3, 0, 2]",0,13,0.000000
SA,21,4,"[1, 3, 0, 2]",0,41,0.001123
GA,21,4,"[1, 3, 0, 2]",0,0,0.000000
random,22,4,"[1, 3, 0, 2]",0,9,0.000000
HC,22,4,"[1, 2, 0, 3]",1,25,0.001003
HCR,22,4,"[1, 3, 0, 2]",0,63,0.000000
SA,22,4,"[2, 0, 3, 1]",0,180,0.000000
GA,22,4,"[1, 3, 0, 2]",0,0,0.000000
random,23,4,"[2, 0, 3, 1]",0,43,0.000000
HC,23,4,"[3, 1, 0, 2]",1,37,0.000000
HCR,23,4,"[1, 3, 0, 2]",0,112,0.001029
SA,23,4,"[2, 0, 3, 1]",0,49,0.000000
GA,23,4,"[2, 0, 3, 1]",0,0,0.000000
random,24,4,"[2, 0, 3, 1]",0,584,0.001997
HC,24,4,"[2, 0, 3, 1]",0,37,0.000000
HCR,24,4,"[2, 0, 3, 1]",0,37,0.001084
SA,24,4,"[1, 3, 0, 2]",0,59,0.000000
GA,24,4,"[1, 3, 0, 2]",0,2,0.002268
random,25,4,"[1, 3, 0, 2]",0,425,0.001344
HC,25,4,"[3, 1, 0, 2]",1,37,0.001005
HCR,25,4,"[1, 3, 0, 2]",0,87,0.000000
SA,25,4,"[1, 3, 0, 2]",0,22,0.000000
GA,25,4,"[1, 3, 0, 2]",0,1,0.001145
random,26,4,"[1, 3, 0, 2]",0,47,0.000000
HC,26,4,"[2, 1, 3, 0]",1,25,0.000000
HCR,26,4,"[1, 3, 0, 2]",0,38,0.000000
SA,26,4,"[2, 0, 3, 1]",0,84,0.000000
GA,26,4,"[1, 3, 0, 2]",0,0,0.000000
random,27,4,"[1, 3, 0, 2]",0,16,0.000000
HC,27,4,"[3, 0, 2, 1]",1,25,0.000000
HCR,27,4,"[2, 0, 3, 1]",0,75,0.000000
SA,27,4,"[1, 3, 0, 2]",0,195,0.001068
GA,27,4,"[1, 3, 0, 2]",0,0,0.000000
random,28,4,"[1, 3, 0, 2]",0,43,0.000000
HC,28,4,"[0, 2, 3, 1]",1,37,0.000000
HCR,28,4,"[2, 0, 3, 1]",0,74,0.000000
SA,28,4,"[1, 3, 0, 2]",0,40,0.000000
GA,28,4,"[1, 3, 0, 2]",0,0,0.001054
random,29,4,"[2, 0, 3, 1]",0,11,0.000000
HC,29,4,"[1, 3, 2, 0]",1,37,0.000000
HCR,29,4,"[2, 0, 3, 1]",0,62,0.000000
SA,29,4,"[2, 0, 3, 1]",0,109,0.001079
GA,29,4,"[2, 0, 3, 1]",0,0,0.000000
random,0,8,"[2, 0, 5, 7, 0, 3, 6, 4]",1,20000,0.142451
HC,0,8,"[6, 3, 5, 2, 1, 6, 4, 7]",2,281,0.002094
HCR,0,8,"[5, 3, 6, 0, 7, 1, 4, 2]",0,450,0.002264
SA,0,8,"[2, 5, 7, 1, 3, 0, 6, 4]",0,976,0.005502
GA,0,8,"[0, 4, 7, 1, 6, 2, 5, 1]",1,20000,39.891481
random,1,8,"[0, 5, 7, 2, 6, 3, 1, 4]",0,18366,0.128637
HC,1,8,"[5, 2, 4, 1, 7, 0, 3, 6]",1,281,0.001437
HCR,1,8,"[5, 1, 6, 0, 2, 4, 7, 3]",0,956,0.004267
SA,1,8,"[2, 4, 1, 7, 0, 6, 3, 5]",0,935,0.005221
GA,1,8,"[1, 6, 4, 0, 7, 5, 2, 2]",1,20000,39.784064
random,2,8,"[3, 5, 7, 1, 6, 0, 2, 4]",0,12849,0.089846
HC,2,8,"[0, 6, 1, 5, 2, 4, 7, 3]",1,169,0.001487
HCR,2,8,"[5, 1, 6, 0, 3, 7, 4, 2]",0,2476,0.012406
SA,2,8,"[2, 5, 7, 0, 3, 6, 4, 1]",0,352,0.001138
GA,2,8,"[4, 2, 7, 5, 1, 5, 0, 6]",1,20000,40.179045
random,3,8,"[2, 4, 6, 0, 5, 7, 1, 3]",1,20000,0.140195
HC,3,8,"[6, 3, 5, 7, 2, 0, 7, 4]",2,225,0.001362
HCR,3,8,"[6, 1, 5, 2, 0, 3, 7, 4]",0,731,0.004073
SA,3,8,"[2, 5, 7, 0, 3, 6, 4, 1]",0,388,0.002262
GA,3,8,"[3, 7, 0, 2, 5, 1, 6, 4]",0,14,0.031095
random,4,8,"[2, 7, 5, 3, 1, 0, 4, 6]",1,20000,0.141617
HC,4,8,"[0, 3, 1, 6, 7, 2, 4, 1]",2,225,0.001045
HCR,4,8,"[1, 6, 2, 5, 7, 4, 0, 3]",0,5682,0.026296
SA,4,8,"[3, 6, 4, 2, 0, 5, 7, 1]",0,395,0.002089
GA,4,8,"[6, 3, 1, 7, 5, 0, 2, 4]",0,5,0.010257
random,5,8,"[1, 1, 6, 0, 2, 7, 5, 3]",1,20000,0.142591
HC,5,8,"[4, 5, 0, 6, 3, 7, 2, 1]",2,169,0.001175
HCR,5,8,"[1, 3, 5, 7, 2, 0, 6, 4]",0,1912,0.009070
SA,5,8,"[3, 7, 0, 4, 6, 1, 5, 2]",0,435,0.003114
GA,5,8,"[0, 4, 7, 1, 6, 2, 5, 1]",1,20000,40.954446
random,6,8,"[5, 2, 0, 3, 0, 7, 1, 4]",1,20000,0.141577
HC,6,8,"[1, 7, 4, 6, 0, 2, 5, 5]",1,169,0.001062
HCR,6,8,"[1, 4, 6, 3, 0, 7, 5, 2]",0,2364,0.011437
SA,6,8,"[5, 3, 6, 0, 7, 1, 4, 2]",0,676,0.003066
GA,6,8,"[6, 2, 5, 1, 6, 0, 3, 7]",1,20000,40.932206
random,7,8,"[2, 6, 1, 4, 7, 0, 3, 5]",1,20000,0.166803
HC,7,8,"[4, 2, 6, 3, 1, 7, 5, 0]",1,225,0.001060
HCR,7,8,"[2, 4, 1, 7, 0, 6, 3, 5]",0,731,0.004565
SA,7,8,"[5, 2, 0, 6, 4, 7, 1, 3]",0,428,0.007720
GA,7,8,"[3, 7, 0, 2, 5, 1, 6, 4]",0,55,0.118218
random,8,8,"[7, 6, 3, 0, 4, 1, 5, 2]",1,20000,0.156890
HC,8,8,"[3, 5, 6, 2, 0, 7, 1, 4]",1,225,0.000997
HCR,8,8,"[5, 3, 6, 0, 7, 1, 4, 2]",0,450,0.001995
SA,8,8,"[2, 5, 3, 0, 7, 4, 6, 1]",0,107,0.000998
GA,8,8,"[3, 1, 6, 2, 5, 7, 0, 4]",0,983,2.138843
random,9,8,"[2, 6, 3, 1, 7, 5, 0, 2]",1,20000,0.142693
HC,9,8,"[7, 1, 4, 6, 2, 0, 5, 3]",1,225,0.001067
HCR,9,8,"[5, 3, 0, 4, 7, 1, 6, 2]",0,619,0.002396
SA,9,8,"[3, 5, 0, 4, 1, 7, 2, 6]",0,320,0.002157
GA,9,8,"[4, 2, 7, 3, 6, 0, 5, 1]",0,152,0.302776
random,10,8,"[7, 5, 0, 5, 1, 4, 6, 3]",1,20000,0.161038
HC,10,8,"[0, 5, 7, 1, 3, 7, 2, 4]",1,225,0.002000
HCR,10,8,"[1, 5, 7, 2, 0, 3, 6, 4]",0,9395,0.041287
SA,10,8,"[0, 6, 4, 7, 1, 3, 5, 2]",0,1348,0.008532
GA,10,8,"[5, 3, 6, 0, 2, 4, 1, 7]",0,461,0.909354
random,11,8,"[6, 1, 3, 0, 6, 4, 2, 5]",1,20000,0.142100
HC,11,8,"[4, 0, 5, 3, 1, 7, 2, 2]",1,337,0.001055
HCR,11,8,"[3, 6, 4, 2, 0, 5, 7, 1]",0,4724,0.021867
SA,11,8,"[5, 2, 0, 7, 3, 1, 6, 4]",0,971,0.008043
GA,11,8,"[2, 6, 3, 1, 7, 5, 0, 2]",1,20000,41.108652
random,12,8,"[2, 5, 3, 6, 0, 2, 4, 7]",1,20000,0.153499
HC,12,8,"[4, 2, 5, 1, 6, 0, 3, 7]",1,281,0.001031
HCR,12,8,"[5, 3, 0, 4, 7, 1, 6, 2]",0,619,0.003070
SA,12,8,"[4, 2, 7, 3, 6, 0, 5, 1]",0,718,0.004061
GA,12,8,"[2, 5, 3, 6, 0, 2, 4, 7]",1,20000,41.269097
random,13,8,"[3, 6, 2, 7, 5, 1, 0, 4]",1,20000,0.140180
HC,13,8,"[4, 4, 1, 3, 6, 3, 7, 2]",2,225,0.001377
HCR,13,8,"[3, 7, 4, 2, 0, 6, 1, 5]",0,956,0.005493
SA,13,8,"[2, 5, 1, 4, 7, 0, 6, 3]",0,234,0.001519
GA,13,8,"[1, 4, 0, 5, 3, 1, 6, 2]",1,20000,40.881407
random,14,8,"[4, 2, 0, 3, 1, 7, 5, 2]",1,20000,0.156710
HC,14,8,"[3, 6, 0, 2, 4, 1, 7, 4]",1,281,0.002357
HCR,14,8,"[3, 5, 7, 2, 0, 6, 4, 1]",0,843,0.003148
SA,14,8,"[4, 1, 3, 5, 7, 2, 0, 6]",0,954,0.006146
GA,14,8,"[3, 0, 4, 7, 5, 2, 6, 1]",0,44,0.093350
random,15,8,"[5, 1, 6, 4, 2, 7, 5, 3]",1,20000,0.151901
HC,15,8,"[1, 7, 0, 6, 3, 5, 0, 4]",1,337,0.001193
HCR,15,8,"[0, 5, 7, 2, 6, 3, 1, 4]",0,2476,0.011397
SA,15,8,"[2, 5, 3, 0, 7, 4, 6, 1]",0,419,0.002117
GA,15,8,"[6, 3, 0, 7, 4, 2, 5, 1]",1,20000,40.846848
random,16,8,"[3, 0, 6, 4, 1, 7, 0, 2]",1,20000,0.144255
HC,16,8,"[5, 1, 1, 6, 6, 3, 7, 0]",2,225,0.001115
HCR,16,8,"[4, 6, 3, 0, 2, 7, 5, 1]",0,2981,0.019671
SA,16,8,"[5, 1, 6, 0, 3, 7, 4, 2]",0,992,0.004987
GA,16,8,"[4, 7, 3, 0, 2, 5, 1, 6]",0,2591,5.184454
random,17,8,"[5, 1, 6, 4, 0, 7, 3, 2]",1,20000,0.141141
HC,17,8,"[6, 3, 3, 7, 2, 4, 1, 0]",3,225,0.002171
HCR,17,8,"[2, 5, 7, 0, 3, 6, 4, 1]",0,2025,0.008687
SA,17,8,"[5, 3, 6, 0, 7, 1, 4, 2]",0,549,0.003238
GA,17,8,"[1, 5, 0, 6, 3, 7, 2, 4]",0,1223,2.470020
random,18,8,"[3, 6, 2, 7, 5, 7, 0, 4]",1,20000,0.140681
HC,18,8,"[6, 1, 7, 5, 3, 0, 7, 4]",1,225,0.001080
HCR,18,8,"[5, 2, 4, 6, 0, 3, 1, 7]",0,731,0.002991
SA,18,8,"[4, 1, 3, 5, 7, 2, 0, 6]",0,383,0.001995
GA,18,8,"[6, 2, 5, 7, 0, 3, 6, 4]",1,20000,40.131064
random,19,8,"[6, 2, 0, 5, 1, 4, 1, 7]",1,20000,0.170588
HC,19,8,"[0, 1, 3, 6, 2, 7, 2, 4]",2,169,0.001004
HCR,19,8,"[5, 2, 0, 6, 4, 7, 1, 3]",0,2812,0.015170
SA,19,8,"[3, 6, 0, 7, 4, 1, 5, 2]",0,58,0.000000
GA,19,8,"[5, 2, 4, 6, 0, 3, 1, 7]",0,5,0.012152
random,20,8,"[2, 5, 1, 6, 0, 6, 4, 7]",1,20000,0.155380
HC,20,8,"[7, 4, 1, 5, 2, 0, 6, 3]",1,169,0.001004
HCR,20,8,"[0, 4, 7, 5, 2, 6, 1, 3]",0,4500,0.039140
SA,20,8,"[5, 2, 0, 6, 4, 7, 1, 3]",0,283,0.004222
GA,20,8,"[6, 3, 1, 7, 5, 0, 2, 4]",0,9,0.022093
random,21,8,"[5, 2, 0, 3, 6, 7, 1, 4]",1,20000,0.164857
HC,21,8,"[5, 0, 6, 4, 7, 1, 3, 2]",1,281,0.001428
HCR,21,8,"[1, 5, 0, 6, 3, 7, 2, 4]",0,2418,0.023293
SA,21,8,"[2, 0, 6, 4, 7, 1, 3, 5]",0,1328,0.008470
GA,21,8,"[4, 1, 3, 0, 6, 7, 5, 2]",1,20000,41.059112
random,22,8,"[6, 3, 1, 7, 4, 0, 2, 5]",1,20000,0.144478
HC,22,8,"[0, 6, 3, 7, 2, 4, 5, 1]",1,281,0.001062
HCR,22,8,"[2, 4, 6, 0, 3, 1, 7, 5]",0,731,0.004243
SA,22,8,"[6, 2, 7, 1, 4, 0, 5, 3]",0,204,0.001023
GA,22,8,"[3, 3, 7, 4, 2, 0, 5, 1]",1,20000,39.860871
random,23,8,"[4, 2, 3, 5, 7, 1, 6, 0]",1,20000,0.151970
HC,23,8,"[3, 7, 0, 4, 6, 1, 5, 2]",0,169,0.000000
HCR,23,8,"[3, 7, 0, 4, 6, 1, 5, 2]",0,169,0.001004
SA,23,8,"[3, 1, 6, 2, 5, 7, 4, 0]",0,808,0.003983
GA,23,8,"[0, 5, 7, 2, 6, 3, 1, 4]",0,8,0.018036
random,24,8,"[1, 5, 2, 0, 7, 3, 4, 6]",1,20000,0.144754
HC,24,8,"[6, 2, 3, 5, 0, 4, 1, 7]",1,281,0.002102
HCR,24,8,"[1, 6, 2, 5, 7, 4, 0, 3]",0,1125,0.004986
SA,24,8,"[1, 6, 2, 5, 7, 4, 0, 3]",0,368,0.001995
GA,24,8,"[4, 6, 1, 3, 7, 0, 2, 5]",0,4,0.009231
random,25,8,"[7, 2, 4, 6, 0, 5, 3, 1]",1,20000,0.152936
HC,25,8,"[6, 1, 3, 5, 7, 2, 4, 0]",1,225,0.001087
HCR,25,8,"[5, 3, 6, 0, 2, 4, 1, 7]",0,1181,0.005149
SA,25,8,"[0, 4, 7, 5, 2, 6, 1, 3]",0,321,0.002062
GA,25,8,"[2, 4, 1, 7, 0, 6, 3, 5]",0,7,0.026508
random,26,8,"[1, 5, 0, 2, 7, 4, 6, 3]",1,20000,0.143272
HC,26,8,"[1, 4, 6, 0, 2, 7, 5, 3]",0,225,0.001446
HCR,26,8,"[1, 4, 6, 0, 2, 7, 5, 3]",0,225,0.001350
SA,26,8,"[3, 0, 7, 5, 2, 0, 6, 4]",1,4606,0.034450
GA,26,8,"[2, 0, 6, 3, 1, 4, 7, 5]",1,20000,42.091850
random,27,8,"[5, 7, 5, 0, 2, 4, 6, 3]",1,20000,0.138790
HC,27,8,"[7, 0, 6, 3, 1, 6, 4, 2]",1,281,0.001449
HCR,27,8,"[1, 4, 6, 3, 0, 7, 5, 2]",0,2924,0.012742
SA,27,8,"[5, 2, 6, 3, 0, 7, 1, 4]",0,858,0.013540
GA,27,8,"[7, 3, 0, 2, 5, 1, 6, 4]",0,4936,9.935888
random,28,8,"[0, 3, 6, 2, 7, 1, 4, 0]",1,20000,0.142529
HC,28,8,"[1, 4, 5, 0, 2, 7, 6, 3]",2,225,0.001454
HCR,28,8,"[3, 1, 7, 5, 0, 2, 4, 6]",0,1406,0.007293
SA,28,8,"[0, 6, 3, 5, 7, 1, 4, 2]",0,54,0.000000
GA,28,8,"[6, 3, 1, 7, 5, 0, 2, 4]",0,49,0.106611
random,29,8,"[6, 3, 6, 0, 7, 4, 1, 5]",1,20000,0.144778
HC,29,8,"[3, 7, 4, 1, 5, 0, 6, 0]",1,225,0.001096
HCR,29,8,"[2, 6, 1, 7, 5, 3, 0, 4]",0,1800,0.011838
SA,29,8,"[4, 6, 1, 5, 2, 0, 3, 7]",0,961,0.004986
GA,29,8,"[5, 1, 6, 0, 3, 7, 4, 2]",0,6,0.012708
random,0,10,"[8, 1, 1, 9, 7, 0, 3, 6, 9, 5]",3,20000,0.216412
HC,0,10,"[3, 9, 0, 4, 8, 0, 6, 1, 7, 5]",2,451,0.003061
HCR,0,10,"[3, 5, 7, 1, 4, 0, 8, 6, 9, 2]",0,10464,0.080230
SA,0,10,"[4, 7, 0, 8, 6, 1, 9, 2, 5, 3]",0,4062,0.033213
GA,0,10,"[6, 2, 9, 5, 1, 8, 4, 0, 7, 3]",0,20,0.063420
random,1,10,"[2, 7, 1, 6, 8, 0, 4, 0, 5, 9]",1,20000,0.193333
HC,1,10,"[2, 9, 5, 8, 1, 4, 7, 0, 6, 3]",1,541,0.003309
HCR,1,10,"[8, 1, 3, 7, 0, 2, 5, 9, 6, 4]",0,4782,0.032575
SA,1,10,"[8, 4, 2, 7, 9, 1, 5, 0, 6, 3]",0,2585,0.020460
GA,1,10,"[7, 2, 6, 1, 9, 0, 0, 4, 8, 5]",1,20000,60.489920
random,2,10,"[4, 2, 8, 3, 9, 6, 5, 2, 0, 7]",3,20000,0.195539
HC,2,10,"[0, 6, 1, 5, 2, 8, 4, 8, 3, 9]",3,361,0.003224
HCR,2,10,"[5, 7, 4, 1, 8, 2, 9, 6, 3, 0]",0,5231,0.035495
SA,2,10,"[4, 1, 8, 0, 2, 7, 9, 6, 3, 5]",0,666,0.005078
GA,2,10,"[7, 0, 4, 1, 5, 9, 6, 3, 0, 2]",1,20000,58.988757
random,3,10,"[3, 6, 0, 5, 8, 1, 7, 2, 2, 9]",1,20000,0.198665
HC,3,10,"[3, 6, 8, 2, 0, 9, 7, 4, 1, 9]",1,361,0.002058
HCR,3,10,"[7, 3, 1, 6, 4, 9, 0, 8, 5, 2]",0,6224,0.043787
SA,3,10,"[5, 3, 8, 0, 2, 9, 6, 1, 7, 4]",0,997,0.009094
GA,3,10,"[4, 7, 5, 2, 9, 1, 6, 8, 3, 0]",0,527,1.604667
random,4,10,"[2, 8, 6, 8, 1, 5, 0, 0, 4, 7]",2,20000,0.202817
HC,4,10,"[0, 5, 1, 9, 7, 2, 8, 3, 0, 4]",1,631,0.004427
HCR,4,10,"[6, 3, 5, 7, 9, 0, 2, 4, 1, 8]",0,1623,0.012602
SA,4,10,"[6, 9, 2, 4, 8, 0, 3, 1, 7, 5]",0,1924,0.021635
GA,4,10,"[2, 5, 9, 0, 3, 3, 6, 8, 1, 4]",1,20000,59.260284
random,5,10,"[8, 4, 0, 0, 9, 5, 1, 2, 7, 3]",2,20000,0.193427
HC,5,10,"[9, 4, 6, 8, 0, 7, 3, 0, 2, 1]",3,181,0.002334
HCR,5,10,"[6, 4, 7, 0, 3, 5, 8, 1, 9, 2]",0,1083,0.007165
SA,5,10,"[6, 4, 0, 5, 8, 2, 7, 3, 1, 9]",0,405,0.003141
GA,5,10,"[7, 5, 1, 8, 0, 3, 6, 9, 2, 4]",0,21,0.068940
random,6,10,"[1, 8, 2, 7, 3, 0, 9, 1, 6, 2]",2,20000,0.201274
HC,6,10,"[3, 1, 7, 4, 8, 0, 2, 9, 7, 5]",2,271,0.002290
HCR,6,10,"[5, 1, 9, 6, 8, 2, 0, 3, 7, 4]",0,5775,0.039628
SA,6,10,"[4, 7, 1, 6, 9, 2, 0, 8, 3, 5]",0,2428,0.019465
GA,6,10,"[5, 7, 0, 7, 3, 6, 8, 2, 4, 9]",1,20000,61.086028
random,7,10,"[2, 6, 1, 9, 4, 7, 0, 8, 3, 5]",2,20000,0.197344
HC,7,10,"[2, 0, 6, 3, 1, 8, 1, 5, 9, 0]",2,361,0.003297
HCR,7,10,"[0, 4, 7, 9, 2, 6, 1, 3, 5, 8]",0,902,0.006107
SA,7,10,"[3, 7, 4, 8, 0, 9, 1, 5, 2, 6]",0,1155,0.009973
GA,7,10,"[7, 1, 8, 2, 5, 3, 0, 9, 4, 6]",0,7433,22.936995
random,8,10,"[2, 6, 8, 3, 7, 9, 1, 8, 5, 3]",3,20000,0.196127
HC,8,10,"[1, 5, 6, 2, 9, 7, 4, 0, 3, 8]",2,541,0.004345
HCR,8,10,"[1, 7, 9, 3, 0, 4, 8, 5, 2, 6]",0,1623,0.011910
SA,8,10,"[4, 1, 9, 9, 5, 2, 8, 6, 0, 7]",1,4606,0.036717
GA,8,10,"[6, 3, 0, 4, 7, 5, 2, 9, 1, 8]",1,20000,60.875842
random,9,10,"[0, 5, 7, 9, 3, 6, 8, 2, 4, 1]",2,20000,0.205865
HC,9,10,"[2, 9, 1, 6, 0, 2, 0, 5, 8, 4]",2,541,0.003641
HCR,9,10,"[3, 0, 4, 7, 9, 2, 6, 8, 1, 5]",0,19211,0.127776
SA,9,10,"[2, 8, 5, 7, 1, 3, 0, 6, 4, 9]",0,1305,0.010245
GA,9,10,"[1, 8, 6, 3, 9, 0, 5, 4, 2, 7]",1,20000,59.712443
random,10,10,"[4, 0, 8, 0, 7, 1, 9, 2, 6, 3]",2,20000,0.196973
HC,10,10,"[2, 2, 6, 1, 9, 0, 3, 7, 4, 8]",1,631,0.005431
HCR,10,10,"[7, 0, 3, 1, 9, 5, 8, 2, 4, 6]",0,16056,0.114576
SA,10,10,"[0, 3, 8, 6, 1, 9, 2, 5, 7, 4]",0,2849,0.024508
GA,10,10,"[7, 4, 2, 0, 9, 1, 8, 5, 3, 6]",1,20000,59.268893
random,11,10,"[9, 4, 0, 5, 3, 7, 7, 3, 8, 2]",3,20000,0.198759
HC,11,10,"[5, 0, 4, 1, 7, 9, 3, 2, 8, 1]",2,631,0.004211
HCR,11,10,"[8, 1, 4, 2, 0, 9, 7, 5, 3, 6]",0,13711,0.093911
SA,11,10,"[9, 5, 2, 8, 3, 0, 7, 1, 4, 6]",0,399,0.003737
GA,11,10,"[1, 6, 9, 5, 0, 8, 4, 2, 7, 3]",0,14,0.041940
random,12,10,"[9, 9, 2, 0, 8, 6, 4, 1, 7, 5]",2,20000,0.197280
HC,12,10,"[9, 1, 8, 5, 0, 6, 0, 5, 7, 4]",2,361,0.002176
HCR,12,10,"[4, 0, 8, 3, 5, 7, 9, 1, 6, 2]",0,1534,0.010510
SA,12,10,"[7, 4, 6, 0, 9, 1, 5, 2, 8, 3]",0,3885,0.031785
GA,12,10,"[7, 3, 1, 6, 8, 0, 4, 1, 5, 2]",1,20000,58.855329
random,13,10,"[6, 9, 5, 2, 7, 3, 8, 8, 1, 4]",2,20000,0.203840
HC,13,10,"[4, 4, 9, 0, 6, 3, 7, 2, 1, 8]",2,451,0.002992
HCR,13,10,"[1, 7, 9, 2, 8, 5, 3, 0, 6, 4]",0,1533,0.012571
SA,13,10,"[4, 7, 1, 6, 9, 0, 6, 8, 2, 5]",1,4606,0.039738
GA,13,10,"[6, 2, 9, 1, 4, 2, 8, 3, 7, 0]",1,20000,59.460941
random,14,10,"[4, 8, 0, 3, 0, 7, 5, 1, 9, 6]",2,20000,0.198324
HC,14,10,"[1, 9, 7, 3, 0, 2, 5, 1, 6, 4]",1,541,0.003210
HCR,14,10,"[3, 8, 4, 7, 0, 2, 5, 1, 6, 9]",0,3337,0.024102
SA,14,10,"[5, 0, 2, 4, 6, 9, 3, 1, 4, 7]",1,4606,0.038248
GA,14,10,"[4, 1, 3, 8, 6, 9, 0, 2, 5, 7]",1,20000,59.621173
random,15,10,"[6, 2, 2, 7, 1, 8, 4, 9, 3, 0]",2,20000,0.201852
HC,15,10,"[4, 0, 8, 0, 7, 3, 6, 9, 1, 5]",1,541,0.003140
HCR,15,10,"[0, 4, 6, 9, 3, 1, 8, 2, 5, 7]",0,2977,0.021263
SA,15,10,"[2, 4, 1, 7, 9, 6, 3, 0, 8, 5]",0,693,0.005149
GA,15,10,"[7, 2, 4, 8, 0, 5, 9, 6, 1, 3]",0,16263,48.166770
random,16,10,"[4, 9, 1, 5, 2, 0, 6, 8, 1, 3]",2,20000,0.200804
HC,16,10,"[6, 1, 7, 0, 8, 3, 9, 0, 2, 4]",1,631,0.004507
HCR,16,10,"[4, 2, 8, 5, 7, 1, 3, 0, 6, 9]",0,12448,0.086760
SA,16,10,"[6, 4, 9, 0, 3, 5, 2, 8, 1, 7]",0,2180,0.018312
GA,16,10,"[0, 3, 6, 9, 7, 2, 4, 8, 1, 5]",0,135,0.395104
random,17,10,"[6, 0, 5, 7, 1, 6, 8, 2, 4, 3]",2,20000,0.197510
HC,17,10,"[3, 6, 9, 7, 4, 2, 8, 5, 1, 0]",2,541,0.003565
HCR,17,10,"[0, 6, 4, 1, 7, 9, 2, 8, 5, 3]",0,2976,0.019695
SA,17,10,"[6, 8, 2, 7, 1, 3, 5, 0, 9, 4]",0,667,0.006479
GA,17,10,"[6, 3, 0, 7, 5, 2, 9, 1, 8, 4]",0,376,1.106497
random,18,10,"[3, 0, 6, 9, 2, 8, 1, 4, 2, 5]",2,20000,0.215284
HC,18,10,"[6, 1, 7, 5, 3, 0, 9, 4, 2, 7]",1,451,0.002993
HCR,18,10,"[5, 2, 6, 9, 3, 8, 0, 4, 1, 7]",0,3609,0.024384
SA,18,10,"[6, 3, 5, 0, 8, 4, 2, 7, 9, 1]",0,1369,0.010111
GA,18,10,"[0, 3, 5, 9, 1, 4, 2, 8, 3, 7]",1,20000,61.612098
random,19,10,"[1, 4, 0, 7, 9, 2, 6, 1, 3, 0]",2,20000,0.200245
HC,19,10,"[6, 3, 1, 7, 2, 0, 5, 8, 4, 9]",2,541,0.004470
HCR,19,10,"[4, 6, 8, 2, 7, 3, 0, 9, 1, 5]",0,2345,0.016317
SA,19,10,"[6, 3, 1, 8, 4, 9, 7, 5, 2, 0]",0,533,0.004986
GA,19,10,"[8, 5, 2, 4, 1, 7, 9, 3, 6, 0]",0,11500,35.513744
random,20,10,"[8, 5, 7, 1, 0, 2, 6, 9, 2, 4]",2,20000,0.195453
HC,20,10,"[0, 4, 1, 5, 9, 2, 0, 8, 6, 1]",2,271,0.002038
HCR,20,10,"[5, 0, 4, 6, 8, 2, 7, 1, 3, 9]",0,1263,0.008983
SA,20,10,"[3, 0, 7, 1, 8, 5, 2, 9, 6, 4]",1,4606,0.036029
GA,20,10,"[2, 6, 1, 4, 8, 3, 9, 7, 5, 0]",1,20000,60.488352
random,21,10,"[5, 8, 1, 3, 0, 9, 7, 9, 3, 6]",2,20000,0.195930
HC,21,10,"[9, 6, 4, 0, 7, 3, 1, 8, 2, 5]",1,541,0.003354
HCR,21,10,"[4, 6, 9, 5, 2, 0, 7, 3, 1, 8]",0,2075,0.020517
SA,21,10,"[2, 6, 1, 7, 5, 0, 9, 4, 8, 3]",0,722,0.007257
GA,21,10,"[4, 9, 5, 3, 5, 0, 8, 1, 7, 2]",1,20000,58.765743
random,22,10,"[2, 4, 6, 0, 9, 1, 7, 5, 8, 8]",2,20000,0.202533
HC,22,10,"[8, 3, 0, 9, 7, 2, 0, 6, 1, 5]",1,451,0.002312
HCR,22,10,"[1, 7, 9, 2, 8, 5, 3, 0, 6, 4]",0,2435,0.019657
SA,22,10,"[4, 2, 0, 8, 6, 1, 9, 7, 5, 3]",0,444,0.004164
GA,22,10,"[1, 7, 9, 6, 0, 2, 0, 5, 8, 4]",1,20000,59.735736
random,23,10,"[6, 8, 1, 2, 0, 7, 4, 1, 3, 9]",2,20000,0.197962
HC,23,10,"[4, 1, 7, 9, 3, 0, 0, 8, 5, 2]",1,451,0.003274
HCR,23,10,"[8, 1, 4, 2, 0, 9, 7, 5, 3, 6]",0,2255,0.015836
SA,23,10,"[5, 7, 1, 6, 8, 2, 0, 3, 9, 4]",0,1373,0.010437
GA,23,10,"[6, 8, 5, 2, 0, 7, 4, 1, 3, 9]",0,6,0.022928
random,24,10,"[6, 9, 5, 0, 4, 1, 8, 2, 7, 3]",1,20000,0.205276
HC,24,10,"[6, 9, 2, 0, 5, 3, 8, 1, 7, 4]",1,451,0.003181
HCR,24,10,"[3, 1, 6, 4, 9, 0, 8, 5, 7, 2]",0,8930,0.061696
SA,24,10,"[8, 1, 4, 9, 7, 0, 3, 6, 2, 5]",0,638,0.005714
GA,24,10,"[5, 2, 6, 1, 7, 5, 3, 0, 4, 8]",1,20000,59.775697
random,25,10,"[5, 1, 1, 4, 0, 8, 0, 9, 6, 2]",2,20000,0.198293
HC,25,10,"[6, 8, 1, 5, 7, 0, 4, 0, 4, 9]",2,361,0.003479
HCR,25,10,"[3, 5, 8, 2, 0, 7, 1, 4, 6, 9]",0,1894,0.013308
SA,25,10,"[2, 9, 5, 8, 0, 3, 6, 8, 1, 4]",1,4606,0.038358
GA,25,10,"[9, 4, 6, 0, 3, 1, 7, 5, 8, 2]",0,54,0.157842
random,26,10,"[7, 3, 6, 9, 4, 1, 4, 2, 5, 8]",2,20000,0.194506
HC,26,10,"[6, 3, 0, 4, 8, 0, 2, 7, 1, 9]",2,451,0.003123
HCR,26,10,"[8, 5, 1, 9, 0, 6, 3, 7, 2, 4]",0,13079,0.089814
SA,26,10,"[5, 7, 1, 6, 8, 2, 0, 3, 9, 4]",0,2591,0.023376
GA,26,10,"[6, 8, 5, 2, 0, 7, 4, 1, 3, 9]",0,1612,4.749383
random,27,10,"[3, 6, 0, 9, 1, 5, 8, 8, 2, 4]",2,20000,0.199868
HC,27,10,"[7, 0, 6, 9, 1, 1, 4, 8, 5, 2]",2,451,0.003119
HCR,27,10,"[4, 1, 3, 9, 6, 8, 0, 2, 7, 5]",0,7308,0.051934
SA,27,10,"[3, 1, 4, 8, 0, 9, 7, 5, 2, 6]",0,548,0.004130
GA,27,10,"[2, 6, 3, 7, 5, 1, 9, 4, 0, 8]",1,20000,59.943794
random,28,10,"[5, 7, 1, 8, 0, 8, 4, 2, 9, 3]",2,20000,0.198187
HC,28,10,"[1, 3, 8, 6, 2, 0, 2, 7, 5, 3]",2,451,0.003449
HCR,28,10,"[0, 4, 7, 1, 6, 9, 2, 8, 5, 3]",0,13622,0.095359
SA,28,10,"[0, 7, 5, 2, 8, 1, 4, 9, 3, 6]",0,202,0.002320
GA,28,10,"[7, 1, 3, 5, 0, 9, 4, 6, 8, 2]",1,20000,60.582146
random,29,10,"[2, 6, 1, 9, 5, 8, 0, 7, 3, 5]",2,20000,0.200553
HC,29,10,"[8, 3, 0, 9, 9, 4, 1, 7, 2, 6]",1,451,0.003237
HCR,29,10,"[6, 9, 2, 4, 8, 0, 3, 1, 7, 5]",0,1082,0.007322
SA,29,10,"[5, 3, 1, 9, 7, 2, 0, 8, 6, 4]",0,809,0.007637
GA,29,10,"[1, 9, 2, 6, 8, 3, 0, 4, 7, 5]",0,710,2.167856
